player_id,first_name,last_name,birthdate,height,weight,bats,primary_position,other_positions,is_pitcher,ch,ph,sp,gf,pl,vl,sc,fa,arm,endurance,control,movement,hold_runner,fb,cu,cb,sl,si,scb,kn,pot_ch,pot_ph,pot_sp,pot_gf,pot_pl,pot_vl,pot_sc,pot_fa,pot_arm,pot_control,pot_movement,pot_endurance,pot_hold_runner,pot_fb,pot_cu,pot_cb,pot_sl,pot_si,pot_scb,pot_kn,injured,injury_description,return_date
P3653,John,Doe,1995-09-18,77,240,R,P,,1,,,,0,,,,,,40,89,12,96,64,0,0,28,0,0,0,,,,0,,,,60,64,85,10,36,95,60,0,0,25,0,0,0,False,,
P5215,John,Doe,1998-10-08,76,238,S,P,,1,,,,0,,,,,,18,60,99,50,17,0,0,20,39,0,76,,,,0,,,,69,73,71,99,27,63,31,0,0,35,49,0,86,False,,
P1776,John,Doe,1995-11-12,76,244,R,P,,1,,,,0,,,,,,67,60,99,37,58,0,68,0,0,0,0,,,,0,,,,86,37,64,99,70,35,56,0,67,0,0,0,0,False,,
P6376,John,Doe,1987-02-07,77,183,R,P,,1,,,,0,,,,,,48,97,49,96,59,51,28,70,0,0,0,,,,0,,,,57,86,90,39,44,92,59,44,22,70,0,0,0,False,,
P6235,John,Doe,1998-10-30,75,224,L,P,,1,,,,0,,,,,,28,74,51,46,12,10,0,54,91,0,0,,,,0,,,,92,85,85,58,40,54,23,21,0,59,99,0,0,False,,
P9602,John,Doe,2005-12-09,73,232,L,P,,1,,,,0,,,,,,15,35,74,82,51,0,0,69,47,0,0,,,,0,,,,99,29,64,96,36,96,78,0,0,97,58,0,0,False,,
P9559,John,Doe,1994-03-04,78,235,L,P,,1,,,,0,,,,,,12,89,53,79,85,41,0,0,0,0,0,,,,0,,,,23,72,91,49,16,83,90,37,0,0,0,0,0,False,,
P7518,John,Doe,2001-06-11,76,180,R,P,,1,,,,0,,,,,,26,15,52,73,25,93,72,0,48,0,0,,,,0,,,,62,99,22,57,34,82,37,99,85,0,55,0,0,False,,
P2968,John,Doe,1990-02-05,68,233,R,P,,1,,,,0,,,,,,16,56,58,18,61,0,0,66,0,0,0,,,,0,,,,28,85,48,56,10,10,54,0,0,66,0,0,0,False,,
P6335,John,Doe,1986-12-11,72,199,R,P,,1,,,,0,,,,,,75,12,64,86,13,97,16,13,85,0,0,,,,0,,,,91,72,10,62,72,78,10,95,13,13,77,0,0,False,,
P8646,John,Doe,1994-09-19,76,186,L,P,,1,,,,0,,,,,,71,49,47,25,39,75,26,0,29,0,0,,,,0,,,,17,58,51,45,75,29,36,70,25,0,34,0,0,False,,
P5239,John,Doe,1997-09-05,68,173,S,P,,1,,,,0,,,,,,83,21,75,30,40,89,23,0,21,0,0,,,,0,,,,85,95,28,80,91,38,52,94,31,0,33,0,0,False,,
P6127,John,Doe,1994-01-26,78,216,S,CF,,0,98,96,80,60,45,70,42,88,74,,,,,,,,,,,,97,92,79,60,45,70,42,93,77,,,,,,,,,,,,False,,
P3178,John,Doe,1993-08-01,72,202,L,RF,,0,86,49,11,70,90,81,54,68,24,,,,,,,,,,,,85,41,10,70,90,81,54,66,22,,,,,,,,,,,,False,,
P9409,John,Doe,1997-04-20,78,222,S,C,,0,53,96,30,81,91,85,42,32,68,,,,,,,,,,,,56,99,33,81,91,85,42,29,73,,,,,,,,,,,,False,,
P9183,John,Doe,1994-04-25,78,217,L,1B,,0,69,81,45,54,28,14,83,62,15,,,,,,,,,,,,64,76,42,54,28,14,83,66,10,,,,,,,,,,,,False,,
P2493,John,Doe,1996-10-16,69,219,R,C,,0,46,27,75,20,76,93,15,12,97,,,,,,,,,,,,50,27,78,20,76,93,15,10,99,,,,,,,,,,,,False,,
P9418,John,Doe,2000-04-11,70,180,R,2B,CF,0,23,77,44,86,67,69,85,55,67,,,,,,,,,,,,33,88,55,86,67,69,85,70,74,,,,,,,,,,,,False,,
P1507,John,Doe,1995-07-05,73,188,R,C,,0,79,90,85,67,93,82,98,77,77,,,,,,,,,,,,78,85,86,67,93,82,98,78,74,,,,,,,,,,,,False,,
P9743,John,Doe,2006-09-27,74,199,S,1B,,0,10,46,69,24,65,73,83,83,16,,,,,,,,,,,,22,59,86,24,65,73,83,99,27,,,,,,,,,,,,False,,
P3571,John,Doe,1999-11-03,73,250,L,C,,0,73,89,56,64,74,66,71,27,29,,,,,,,,,,,,80,97,68,64,74,66,71,39,43,,,,,,,,,,,,False,,
P8205,John,Doe,2005-09-21,73,220,S,2B,,0,78,68,58,93,92,80,78,16,76,,,,,,,,,,,,95,83,88,93,92,80,78,35,96,,,,,,,,,,,,False,,
P1024,John,Doe,1994-01-17,74,235,L,1B,,0,76,22,61,65,64,40,59,86,26,,,,,,,,,,,,80,20,59,65,64,40,59,84,26,,,,,,,,,,,,False,,
P9836,John,Doe,2006-07-18,75,202,R,RF,,0,17,64,94,10,12,67,39,34,45,,,,,,,,,,,,42,89,99,10,12,67,39,54,68,,,,,,,,,,,,False,,
P3438,John,Doe,1999-06-26,68,237,L,2B,,0,25,57,49,12,40,90,41,66,97,,,,,,,,,,,,34,65,59,12,40,90,41,74,99,,,,,,,,,,,,False,,
P8170,John,Doe,1998-07-09,68,245,L,P,,1,,,,0,,,,,,32,22,98,75,68,67,0,0,0,0,0,,,,0,,,,64,43,34,99,44,87,83,75,0,0,0,0,0,False,,
P7493,John,Doe,2005-10-29,76,212,S,P,,1,,,,0,,,,,,22,28,20,65,20,0,43,0,92,0,0,,,,0,,,,79,74,56,48,52,77,34,0,67,0,99,0,0,False,,
P2186,John,Doe,2000-02-09,70,230,S,P,,1,,,,0,,,,,,88,30,73,38,45,54,74,0,75,0,0,,,,0,,,,82,21,38,80,97,47,50,62,89,0,84,0,0,False,,
P7009,John,Doe,2006-06-02,69,180,R,P,,1,,,,0,,,,,,82,21,14,82,46,72,0,90,69,0,0,,,,0,,,,67,99,34,43,99,99,61,93,0,99,88,0,0,False,,
P7619,John,Doe,1991-03-19,72,198,L,P,,1,,,,0,,,,,,41,95,51,33,50,0,33,38,28,0,0,,,,0,,,,84,95,91,41,38,28,49,0,29,35,20,0,0,False,,
P4295,John,Doe,2004-12-28,75,234,S,P,,1,,,,0,,,,,,12,57,49,14,74,0,15,60,0,0,0,,,,0,,,,54,98,70,74,41,32,85,0,44,78,0,0,0,False,,
P2983,John,Doe,1989-10-21,71,178,S,P,,1,,,,0,,,,,,27,54,87,54,70,75,57,67,96,0,0,,,,0,,,,72,53,53,77,20,48,70,74,57,67,90,0,0,False,,
P3937,John,Doe,2002-10-20,71,188,L,P,,1,,,,0,,,,,,48,76,67,37,79,82,0,0,83,0,0,,,,0,,,,99,34,85,77,58,50,90,87,0,0,89,0,0,False,,
P3983,John,Doe,1986-12-14,73,240,R,P,,1,,,,0,,,,,,65,27,82,27,25,0,92,0,20,0,0,,,,0,,,,21,62,21,80,65,25,21,0,86,0,19,0,0,False,,
P2926,John,Doe,2001-07-30,72,169,R,P,,1,,,,0,,,,,,60,46,42,11,46,37,59,83,0,0,0,,,,0,,,,96,43,52,50,68,23,51,48,66,93,0,0,0,False,,
P4305,John,Doe,1988-08-01,70,172,S,P,,1,,,,0,,,,,,86,79,64,62,61,35,71,91,0,0,0,,,,0,,,,66,25,73,57,79,56,57,28,64,85,0,0,0,False,,
P3547,John,Doe,2002-03-14,70,164,R,P,,1,,,,0,,,,,,86,52,64,54,77,12,53,0,0,0,0,,,,0,,,,99,27,60,77,93,69,83,17,62,0,0,0,0,False,,
P5089,John,Doe,1988-01-30,70,180,L,1B,,0,61,60,62,41,71,35,58,68,92,,,,,,,,,,,,56,59,57,41,71,35,58,64,88,,,,,,,,,,,,False,,
P6592,John,Doe,2001-09-06,74,173,R,3B,,0,34,45,23,40,49,30,15,23,67,,,,,,,,,,,,45,58,38,40,49,30,15,38,81,,,,,,,,,,,,False,,
P8451,John,Doe,1996-04-05,71,212,S,RF,,0,86,65,45,83,70,98,84,75,17,,,,,,,,,,,,87,60,42,83,70,98,84,76,12,,,,,,,,,,,,False,,
P4351,John,Doe,2002-09-19,76,167,R,3B,,0,69,37,47,51,23,50,59,47,42,,,,,,,,,,,,84,43,57,51,23,50,59,57,55,,,,,,,,,,,,False,,
P5581,John,Doe,1996-08-26,74,182,L,RF,,0,45,81,95,60,23,26,93,87,19,,,,,,,,,,,,47,82,98,60,23,26,93,88,17,,,,,,,,,,,,False,,
P6513,John,Doe,1988-12-21,75,242,R,LF,,0,94,83,69,94,15,91,16,38,31,,,,,,,,,,,,94,77,66,94,15,91,16,35,29,,,,,,,,,,,,False,,
P3603,John,Doe,2003-08-26,71,207,R,1B,,0,18,50,65,28,27,15,69,12,43,,,,,,,,,,,,43,66,83,28,27,15,69,28,65,,,,,,,,,,,,False,,
P1344,John,Doe,1997-09-06,77,216,L,SS,,0,52,15,39,45,69,88,44,36,39,,,,,,,,,,,,57,26,45,45,69,88,44,51,52,,,,,,,,,,,,False,,
P4519,John,Doe,2000-05-23,68,188,R,2B,,0,55,52,90,50,69,38,41,40,96,,,,,,,,,,,,69,60,99,50,69,38,41,46,99,,,,,,,,,,,,False,,
P9000,John,Doe,2006-03-22,69,200,L,RF,,0,73,66,79,81,53,22,50,19,29,,,,,,,,,,,,87,84,96,81,53,22,50,38,49,,,,,,,,,,,,False,,
P6174,John,Doe,1994-08-03,70,241,S,1B,,0,71,63,55,68,84,74,40,24,74,,,,,,,,,,,,68,63,53,68,84,74,40,27,73,,,,,,,,,,,,False,,
P2428,John,Doe,1996-04-28,76,197,L,RF,,0,27,76,99,43,22,56,56,46,99,,,,,,,,,,,,28,73,99,43,22,56,56,42,99,,,,,,,,,,,,False,,
P8814,John,Doe,2006-11-01,72,204,R,C,,0,17,39,96,54,31,54,50,38,97,,,,,,,,,,,,46,51,99,54,31,54,50,49,99,,,,,,,,,,,,False,,
P4559,John,Doe,1991-09-24,68,160,R,P,,1,,,,0,,,,,,68,60,19,33,54,20,0,20,85,0,0,,,,0,,,,47,30,55,16,63,30,45,19,0,19,85,0,0,False,,
P8211,John,Doe,1992-06-05,71,194,S,P,,1,,,,0,,,,,,86,37,87,26,70,53,63,47,17,0,0,,,,0,,,,81,35,33,78,84,26,64,46,60,47,10,0,0,False,,
P8784,John,Doe,2001-02-20,74,241,R,P,,1,,,,0,,,,,,67,85,56,18,46,34,30,0,0,0,0,,,,0,,,,54,24,92,65,80,25,52,47,43,0,0,0,0,False,,
P4803,John,Doe,1990-11-04,73,174,L,P,,1,,,,0,,,,,,28,12,89,41,67,0,51,0,0,0,0,,,,0,,,,23,74,10,79,24,40,67,0,51,0,0,0,0,False,,
P9507,John,Doe,2001-10-21,78,238,R,P,,1,,,,0,,,,,,28,29,56,49,11,0,30,14,75,0,0,,,,0,,,,70,49,39,65,39,63,20,0,42,29,86,0,0,False,,
P7369,John,Doe,1992-01-14,78,167,L,P,,1,,,,0,,,,,,87,30,60,11,23,97,0,71,49,0,0,,,,0,,,,45,11,25,50,81,11,16,97,0,67,42,0,0,False,,
P6483,John,Doe,1991-04-27,73,248,R,P,,1,,,,0,,,,,,84,72,38,44,94,0,0,69,0,0,0,,,,0,,,,58,37,67,35,83,44,92,0,0,67,0,0,0,False,,
P4160,John,Doe,1994-08-30,77,234,L,P,,1,,,,0,,,,,,34,30,71,15,76,13,0,0,0,0,0,,,,0,,,,22,25,25,67,32,16,74,10,0,0,0,0,0,False,,
P9889,John,Doe,1995-01-10,73,198,L,P,,1,,,,0,,,,,,21,10,37,67,34,12,33,73,0,0,0,,,,0,,,,36,14,10,38,20,63,34,10,36,71,0,0,0,False,,
P3398,John,Doe,1989-02-14,74,221,S,P,,1,,,,0,,,,,,31,75,66,24,16,0,0,0,40,0,0,,,,0,,,,53,10,68,60,28,21,15,0,0,0,36,0,0,False,,
P3175,John,Doe,2000-09-04,75,214,R,P,,1,,,,0,,,,,,21,95,92,95,99,0,0,50,0,0,0,,,,0,,,,44,62,99,99,27,99,99,0,0,59,0,0,0,False,,
P7680,John,Doe,2007-05-19,72,218,L,P,,1,,,,0,,,,,,61,19,45,30,99,0,32,0,0,0,0,,,,0,,,,40,63,39,73,91,48,99,0,57,0,0,0,0,False,,
P8351,John,Doe,1995-11-28,76,248,L,CF,,0,65,37,20,57,11,33,79,70,64,,,,,,,,,,,,68,37,20,57,11,33,79,65,59,,,,,,,,,,,,False,,
P8309,John,Doe,1996-03-09,70,239,L,C,,0,53,51,15,63,13,34,30,46,91,,,,,,,,,,,,55,56,18,63,13,34,30,43,88,,,,,,,,,,,,False,,
P1078,John,Doe,2000-09-07,69,233,L,1B,,0,11,34,69,48,73,15,15,77,22,,,,,,,,,,,,17,39,82,48,73,15,15,91,35,,,,,,,,,,,,False,,
P4598,John,Doe,1990-10-25,68,176,S,1B,,0,44,44,70,87,64,21,16,77,33,,,,,,,,,,,,37,40,70,87,64,21,16,72,26,,,,,,,,,,,,False,,
P9810,John,Doe,1994-11-13,70,163,R,SS,CF,0,28,30,71,93,18,75,26,69,13,,,,,,,,,,,,24,32,71,93,18,75,26,73,13,,,,,,,,,,,,False,,
P2256,John,Doe,1988-07-06,69,217,L,C,,0,69,44,28,15,44,44,29,61,23,,,,,,,,,,,,62,40,24,15,44,44,29,60,20,,,,,,,,,,,,False,,
P1983,John,Doe,2002-09-07,71,219,R,LF,RF,0,93,89,71,70,58,17,98,66,24,,,,,,,,,,,,99,96,86,70,58,17,98,79,34,,,,,,,,,,,,False,,
P2257,John,Doe,2000-05-16,77,222,L,CF,,0,87,84,91,28,63,78,48,88,13,,,,,,,,,,,,94,91,99,28,63,78,48,95,26,,,,,,,,,,,,False,,
P9734,John,Doe,1989-09-19,77,164,R,C,,0,17,81,55,93,90,60,97,77,87,,,,,,,,,,,,12,76,49,93,90,60,97,74,82,,,,,,,,,,,,False,,
P8307,John,Doe,1997-04-12,78,216,R,1B,,0,86,43,13,24,83,56,96,49,75,,,,,,,,,,,,81,44,15,24,83,56,96,45,79,,,,,,,,,,,,False,,
P3813,John,Doe,1999-02-25,75,219,R,SS,,0,58,14,94,90,58,55,86,35,36,,,,,,,,,,,,65,22,99,90,58,55,86,40,50,,,,,,,,,,,,False,,
P7330,John,Doe,2000-01-31,77,221,R,C,,0,15,23,95,97,87,41,95,88,67,,,,,,,,,,,,28,28,99,97,87,41,95,99,80,,,,,,,,,,,,False,,
P4060,John,Doe,2004-11-24,74,205,R,2B,,0,99,52,81,91,87,69,80,61,59,,,,,,,,,,,,99,67,97,91,87,69,80,86,73,,,,,,,,,,,,False,,
P3865,John,Doe,2002-12-16,70,177,L,P,,1,,,,0,,,,,,48,35,13,23,84,40,58,0,31,0,0,,,,0,,,,51,81,47,22,58,37,98,46,71,0,46,0,0,False,,
P7334,John,Doe,2001-05-20,72,191,L,P,,1,,,,0,,,,,,52,21,67,26,87,83,46,51,62,0,0,,,,0,,,,55,24,33,76,67,34,99,90,57,60,67,0,0,False,,
P6362,John,Doe,1996-08-24,69,245,L,P,,1,,,,0,,,,,,87,82,54,18,10,0,47,20,0,0,0,,,,0,,,,71,94,78,49,85,17,15,0,48,20,0,0,0,False,,
P9498,John,Doe,1992-01-10,76,218,L,P,,1,,,,0,,,,,,98,11,48,87,90,0,30,0,44,0,69,,,,0,,,,67,84,10,38,98,85,83,0,20,0,36,0,68,False,,
P9642,John,Doe,1987-12-22,68,167,L,P,,1,,,,0,,,,,,92,97,50,61,65,0,76,0,0,0,0,,,,0,,,,35,15,90,47,87,52,57,0,75,0,0,0,0,False,,
P5513,John,Doe,2005-04-02,74,160,L,P,,1,,,,0,,,,,,99,86,19,80,99,55,25,20,77,0,0,,,,0,,,,77,99,97,32,99,99,99,72,54,34,90,0,0,False,,
P1746,John,Doe,2006-10-04,71,160,R,P,,1,,,,0,,,,,,47,43,35,61,47,42,0,83,76,0,0,,,,0,,,,52,99,73,46,63,89,70,63,0,98,99,0,0,False,,
P4517,John,Doe,1999-05-28,78,223,L,P,,1,,,,0,,,,,,61,67,77,79,21,0,0,0,71,0,0,,,,0,,,,29,36,76,83,71,89,27,0,0,0,76,0,0,False,,
P7343,John,Doe,1998-07-14,74,243,R,P,,1,,,,0,,,,,,23,77,42,46,10,0,54,48,77,0,0,,,,0,,,,23,74,92,56,35,52,15,0,59,60,91,0,0,False,,
P4397,John,Doe,2007-05-24,69,229,R,P,,1,,,,0,,,,,,59,49,35,82,77,35,93,0,90,0,0,,,,0,,,,76,33,78,60,76,99,99,54,99,0,99,0,0,False,,
P7233,John,Doe,1991-09-04,78,229,L,P,,1,,,,0,,,,,,40,70,75,80,72,24,92,0,0,0,0,,,,0,,,,10,47,61,75,33,74,71,24,82,0,0,0,0,False,,
P8134,John,Doe,2006-08-16,69,168,R,P,,1,,,,0,,,,,,90,71,13,92,91,70,56,75,0,0,0,,,,0,,,,81,43,84,40,99,99,99,91,73,99,0,0,0,False,,
P3168,John,Doe,1999-07-03,68,184,R,1B,,0,18,28,79,84,17,44,80,65,26,,,,,,,,,,,,29,34,94,84,17,44,80,76,33,,,,,,,,,,,,False,,
P3232,John,Doe,1993-02-04,72,173,S,LF,,0,94,50,62,60,27,91,19,60,91,,,,,,,,,,,,90,43,57,60,27,91,19,59,88,,,,,,,,,,,,False,,
P9218,John,Doe,1997-07-07,69,168,R,CF,,0,29,77,44,91,38,31,25,40,71,,,,,,,,,,,,26,76,43,91,38,31,25,45,70,,,,,,,,,,,,False,,
P1424,John,Doe,2004-05-04,77,175,L,RF,,0,54,53,73,84,76,40,84,12,50,,,,,,,,,,,,67,72,97,84,76,40,84,33,66,,,,,,,,,,,,False,,
P6895,John,Doe,2001-04-06,73,180,L,1B,,0,38,83,61,32,83,98,16,41,54,,,,,,,,,,,,45,88,69,32,83,98,16,52,61,,,,,,,,,,,,False,,
P4277,John,Doe,1990-07-10,76,198,S,RF,,0,90,61,16,68,84,94,66,79,95,,,,,,,,,,,,83,57,13,68,84,94,66,70,93,,,,,,,,,,,,False,,
P6423,John,Doe,2006-01-03,75,204,L,2B,,0,92,39,90,91,46,30,35,80,36,,,,,,,,,,,,99,64,99,91,46,30,35,95,61,,,,,,,,,,,,False,,
P4876,John,Doe,2000-01-23,73,248,R,3B,,0,60,18,69,13,61,47,33,62,24,,,,,,,,,,,,75,32,80,13,61,47,33,76,31,,,,,,,,,,,,False,,
P3971,John,Doe,1996-10-26,75,199,S,1B,,0,95,25,86,74,58,98,99,55,24,,,,,,,,,,,,96,25,84,74,58,98,99,53,19,,,,,,,,,,,,False,,
P9260,John,Doe,1995-09-30,78,190,R,SS,,0,29,63,46,49,48,72,25,59,83,,,,,,,,,,,,28,63,49,49,48,72,25,63,78,,,,,,,,,,,,False,,
P1694,John,Doe,1995-11-02,68,170,R,1B,,0,99,72,49,56,53,35,63,63,67,,,,,,,,,,,,98,74,51,56,53,35,63,66,70,,,,,,,,,,,,False,,
P4242,John,Doe,2003-05-08,78,163,R,2B,,0,80,67,70,91,37,84,18,22,49,,,,,,,,,,,,91,77,77,91,37,84,18,33,61,,,,,,,,,,,,False,,
P3857,John,Doe,1986-08-23,71,235,R,LF,RF,0,92,31,26,88,57,16,17,97,62,,,,,,,,,,,,91,22,19,88,57,16,17,97,59,,,,,,,,,,,,False,,
P8057,John,Doe,2003-10-28,73,245,R,P,,1,,,,0,,,,,,95,25,72,46,89,37,0,0,31,0,0,,,,0,,,,66,74,55,99,99,59,99,52,0,0,59,0,0,False,,
P8862,John,Doe,1998-05-24,69,245,R,P,,1,,,,0,,,,,,84,74,35,52,58,55,0,76,0,0,25,,,,0,,,,57,33,80,43,97,67,69,70,0,86,0,0,30,False,,
P2696,John,Doe,1988-03-02,72,203,R,P,,1,,,,0,,,,,,99,61,46,14,63,91,19,0,35,0,0,,,,0,,,,69,10,52,38,96,10,57,88,10,0,35,0,0,False,,
P7068,John,Doe,2005-05-19,75,229,S,P,,1,,,,0,,,,,,42,31,90,53,75,71,48,0,0,0,16,,,,0,,,,68,96,50,99,64,80,99,96,60,0,0,0,28,False,,
P7449,John,Doe,2000-06-05,74,224,R,P,,1,,,,0,,,,,,16,95,43,20,10,23,78,26,0,0,0,,,,0,,,,64,99,99,49,22,34,21,35,89,35,0,0,0,False,,
P4621,John,Doe,1987-09-14,78,170,L,P,,1,,,,0,,,,,,82,62,48,25,16,0,0,31,0,0,58,,,,0,,,,74,72,56,48,78,21,11,0,0,26,0,0,50,False,,
P3388,John,Doe,1992-09-24,68,224,R,P,,1,,,,0,,,,,,10,48,71,18,12,59,21,0,72,0,0,,,,0,,,,32,94,47,61,10,16,10,49,15,0,67,0,0,False,,
P3536,John,Doe,2001-12-02,68,176,R,P,,1,,,,0,,,,,,47,90,20,53,21,93,76,0,0,0,0,,,,0,,,,99,68,96,35,61,60,33,99,88,0,0,0,0,False,,
P1078,John,Doe,1986-11-27,73,242,S,P,,1,,,,0,,,,,,48,38,12,53,19,0,38,19,59,0,0,,,,0,,,,20,10,30,10,39,45,11,0,32,15,51,0,0,False,,
P4403,John,Doe,1997-09-08,75,212,L,P,,1,,,,0,,,,,,32,16,46,46,50,40,31,0,76,0,0,,,,0,,,,45,99,24,56,38,60,65,50,36,0,84,0,0,False,,
P9716,John,Doe,1989-06-05,71,239,L,P,,1,,,,0,,,,,,66,84,91,30,77,55,90,0,0,0,0,,,,0,,,,55,99,75,89,58,26,68,53,87,0,0,0,0,False,,
P4255,John,Doe,1990-10-27,77,200,S,P,,1,,,,0,,,,,,20,18,54,26,56,0,0,0,10,0,0,,,,0,,,,87,30,16,49,10,24,56,0,0,0,10,0,0,False,,
P9665,John,Doe,2002-03-26,78,196,R,3B,,0,48,37,14,89,48,28,70,76,73,,,,,,,,,,,,55,50,19,89,48,28,70,88,84,,,,,,,,,,,,False,,
P2064,John,Doe,2003-12-23,70,184,R,3B,,0,26,45,10,50,19,91,72,84,38,,,,,,,,,,,,48,74,40,50,19,91,72,99,60,,,,,,,,,,,,False,,
P6477,John,Doe,2003-11-06,72,187,R,LF,,0,89,27,28,57,26,44,74,61,43,,,,,,,,,,,,99,42,57,57,26,44,74,84,61,,,,,,,,,,,,False,,
P8667,John,Doe,1999-04-11,75,222,R,LF,CF,0,19,68,99,40,42,21,21,68,51,,,,,,,,,,,,25,83,99,40,42,21,21,82,56,,,,,,,,,,,,False,,
P7337,John,Doe,2003-07-24,72,242,R,2B,,0,50,80,90,85,96,61,94,88,49,,,,,,,,,,,,65,94,99,85,96,61,94,99,55,,,,,,,,,,,,False,,
P3524,John,Doe,1990-10-22,70,207,L,LF,,0,79,16,44,31,91,78,64,17,89,,,,,,,,,,,,79,11,40,31,91,78,64,15,85,,,,,,,,,,,,False,,
P7085,John,Doe,1995-05-13,76,197,R,RF,,0,99,99,26,44,95,35,73,54,20,,,,,,,,,,,,98,97,22,44,95,35,73,53,23,,,,,,,,,,,,False,,
P7077,John,Doe,2004-01-24,71,247,R,2B,,0,92,81,27,63,16,69,24,13,24,,,,,,,,,,,,99,91,54,63,16,69,24,36,48,,,,,,,,,,,,False,,
P9139,John,Doe,1999-09-07,75,227,S,1B,,0,98,68,35,60,21,35,93,19,99,,,,,,,,,,,,99,78,46,60,21,35,93,30,99,,,,,,,,,,,,False,,
P2801,John,Doe,1991-07-30,76,220,R,CF,,0,98,88,45,47,70,49,50,81,47,,,,,,,,,,,,91,80,38,47,70,49,50,78,43,,,,,,,,,,,,False,,
P4078,John,Doe,1998-01-06,75,246,L,1B,,0,61,88,77,47,93,46,31,68,63,,,,,,,,,,,,73,99,83,47,93,46,31,83,70,,,,,,,,,,,,False,,
P8306,John,Doe,2003-08-20,69,198,L,1B,,0,72,89,46,26,97,53,78,51,62,,,,,,,,,,,,88,99,62,26,97,53,78,61,72,,,,,,,,,,,,False,,
P1053,John,Doe,2004-04-05,72,184,R,2B,,0,48,18,10,19,80,90,26,43,61,,,,,,,,,,,,77,36,32,19,80,90,26,61,76,,,,,,,,,,,,False,,
P5656,John,Doe,1997-04-05,73,193,R,P,,1,,,,0,,,,,,75,18,67,53,23,14,95,36,0,0,0,,,,0,,,,98,59,17,63,74,50,21,19,99,32,0,0,0,False,,
P4679,John,Doe,2007-03-03,74,166,R,P,,1,,,,0,,,,,,94,34,97,32,29,70,0,0,0,0,0,,,,0,,,,87,45,45,99,99,44,58,99,0,0,0,0,0,False,,
P4326,John,Doe,1995-10-08,74,247,R,P,,1,,,,0,,,,,,34,95,17,58,74,20,37,68,92,0,0,,,,0,,,,70,28,96,17,38,54,69,22,42,69,92,0,0,False,,
P3169,John,Doe,2006-04-03,75,237,S,P,,1,,,,0,,,,,,51,89,66,55,15,98,56,70,25,0,0,,,,0,,,,34,77,99,90,72,77,28,99,73,95,52,0,0,False,,
P3330,John,Doe,1996-04-03,78,200,R,P,,1,,,,0,,,,,,97,26,88,47,51,64,78,34,0,0,0,,,,0,,,,35,68,26,84,93,51,47,68,76,36,0,0,0,False,,
P7495,John,Doe,1997-04-03,71,227,L,P,,1,,,,0,,,,,,41,96,29,65,65,0,79,0,0,0,0,,,,0,,,,28,24,93,24,41,65,66,0,82,0,0,0,0,False,,
P3939,John,Doe,1996-04-18,78,182,L,P,,1,,,,0,,,,,,85,27,66,75,49,63,10,62,57,0,0,,,,0,,,,26,67,28,64,82,75,48,61,10,63,59,0,0,False,,
P5972,John,Doe,1988-05-11,70,237,L,P,,1,,,,0,,,,,,24,51,47,43,18,68,63,0,97,0,0,,,,0,,,,22,52,50,43,23,39,13,65,54,0,88,0,0,False,,
P4934,John,Doe,1997-03-19,69,201,R,P,,1,,,,0,,,,,,35,83,44,12,14,0,0,0,31,0,0,,,,0,,,,53,91,80,47,37,10,13,0,0,0,33,0,0,False,,
P2022,John,Doe,1999-01-21,74,218,R,P,,1,,,,0,,,,,,91,27,95,95,59,88,25,56,0,0,0,,,,0,,,,96,25,35,99,99,99,68,97,32,71,0,0,0,False,,
P8485,John,Doe,1996-10-17,78,166,R,P,,1,,,,0,,,,,,87,69,81,60,41,45,83,60,0,0,0,,,,0,,,,16,60,65,84,83,62,36,45,85,59,0,0,0,False,,
P9872,John,Doe,2005-09-13,70,198,L,P,,1,,,,0,,,,,,13,34,59,24,45,18,0,83,0,0,0,,,,0,,,,71,66,56,86,30,46,56,36,0,99,0,0,0,False,,
P3555,John,Doe,2004-07-24,78,194,R,1B,,0,51,97,19,25,98,55,91,44,44,,,,,,,,,,,,65,99,44,25,98,55,91,57,58,,,,,,,,,,,,False,,
P2606,John,Doe,1991-02-22,73,232,R,2B,,0,14,65,69,36,26,91,89,16,71,,,,,,,,,,,,10,59,60,36,26,91,89,13,71,,,,,,,,,,,,False,,
P8409,John,Doe,2004-07-19,71,203,R,C,,0,37,52,89,26,81,57,24,18,94,,,,,,,,,,,,66,65,99,26,81,57,24,39,99,,,,,,,,,,,,False,,
P8891,John,Doe,2004-02-06,70,193,L,RF,,0,84,18,11,81,35,20,99,88,75,,,,,,,,,,,,99,44,30,81,35,20,99,99,99,,,,,,,,,,,,False,,
P2535,John,Doe,1992-01-17,75,174,R,2B,,0,39,45,33,21,57,47,15,74,37,,,,,,,,,,,,34,43,30,21,57,47,15,74,27,,,,,,,,,,,,False,,
P9097,John,Doe,2000-03-11,69,236,L,1B,,0,27,85,38,80,78,29,34,11,47,,,,,,,,,,,,35,90,48,80,78,29,34,19,56,,,,,,,,,,,,False,,
P2186,John,Doe,1989-04-28,74,213,L,C,,0,95,56,20,34,31,36,89,72,56,,,,,,,,,,,,93,52,13,34,31,36,89,69,46,,,,,,,,,,,,False,,
P2934,John,Doe,1995-07-07,78,243,L,RF,,0,65,67,61,90,95,59,50,22,36,,,,,,,,,,,,64,64,59,90,95,59,50,20,40,,,,,,,,,,,,False,,
P2312,John,Doe,2006-10-14,72,221,R,RF,,0,40,57,53,50,61,90,76,43,94,,,,,,,,,,,,52,68,63,50,61,90,76,64,99,,,,,,,,,,,,False,,
P8534,John,Doe,1996-09-02,76,185,L,CF,,0,17,18,47,80,53,78,22,90,96,,,,,,,,,,,,17,18,46,80,53,78,22,86,96,,,,,,,,,,,,False,,
P1695,John,Doe,1993-01-29,72,234,R,LF,,0,96,53,24,76,21,36,47,26,78,,,,,,,,,,,,92,46,22,76,21,36,47,21,78,,,,,,,,,,,,False,,
P5442,John,Doe,2000-04-11,74,195,L,CF,,0,73,17,91,86,75,69,63,95,12,,,,,,,,,,,,81,23,99,86,75,69,63,99,24,,,,,,,,,,,,False,,
P8930,John,Doe,1992-09-11,77,204,L,3B,,0,25,34,68,98,62,10,88,96,38,,,,,,,,,,,,21,32,64,98,62,10,88,94,38,,,,,,,,,,,,False,,
P7343,John,Doe,1992-04-18,71,247,L,P,,1,,,,0,,,,,,22,50,86,48,33,82,24,0,93,0,0,,,,0,,,,12,80,40,78,15,44,24,81,16,0,87,0,0,False,,
P9320,John,Doe,1995-09-02,76,177,S,P,,1,,,,0,,,,,,31,95,16,94,39,0,13,11,0,0,0,,,,0,,,,94,31,94,19,29,92,36,0,10,10,0,0,0,False,,
P7877,John,Doe,1995-07-04,70,235,R,P,,1,,,,0,,,,,,31,37,80,69,66,0,0,33,0,0,0,,,,0,,,,37,80,42,79,35,66,68,0,0,35,0,0,0,False,,
P6272,John,Doe,1989-10-11,74,239,R,P,,1,,,,0,,,,,,44,32,53,64,20,0,0,92,0,0,0,,,,0,,,,54,62,22,52,38,57,15,0,0,90,0,0,0,False,,
P4889,John,Doe,1998-01-01,78,235,R,P,,1,,,,0,,,,,,65,85,79,41,12,65,16,0,41,0,0,,,,0,,,,23,57,97,93,73,55,23,77,30,0,54,0,0,False,,
P3097,John,Doe,1996-10-12,77,229,L,P,,1,,,,0,,,,,,51,56,55,52,93,0,47,0,35,0,79,,,,0,,,,10,23,58,52,55,51,96,0,49,0,31,0,80,False,,
P7987,John,Doe,2005-09-30,69,161,R,P,,1,,,,0,,,,,,43,39,60,44,33,0,0,69,0,0,0,,,,0,,,,37,89,59,90,66,66,55,0,0,84,0,0,0,False,,
P9484,John,Doe,2003-01-27,71,206,L,P,,1,,,,0,,,,,,24,60,26,96,75,0,22,34,76,0,0,,,,0,,,,76,89,71,32,30,99,89,0,37,45,83,0,0,False,,
P6054,John,Doe,1997-03-14,73,248,R,P,,1,,,,0,,,,,,41,83,60,40,29,0,0,42,36,0,0,,,,0,,,,88,90,81,65,37,36,24,0,0,42,32,0,0,False,,
P7769,John,Doe,1994-06-26,74,161,R,P,,1,,,,0,,,,,,35,31,82,12,83,20,11,14,0,0,0,,,,0,,,,47,52,36,79,35,10,81,20,14,15,0,0,0,False,,
P7874,John,Doe,1999-09-01,76,217,R,P,,1,,,,0,,,,,,41,75,77,98,90,91,10,69,79,0,0,,,,0,,,,97,54,84,90,51,99,95,98,16,74,85,0,0,False,,
P3032,John,Doe,1993-08-30,72,220,R,P,,1,,,,0,,,,,,77,73,51,46,43,24,0,67,65,0,0,,,,0,,,,39,16,77,50,77,44,41,26,0,69,67,0,0,False,,
P2468,John,Doe,1998-10-07,75,196,R,C,,0,97,15,33,21,93,94,56,87,81,,,,,,,,,,,,99,24,43,21,93,94,56,93,95,,,,,,,,,,,,False,,
P5596,John,Doe,1995-07-22,69,191,S,SS,,0,73,31,63,35,15,26,48,35,96,,,,,,,,,,,,69,28,68,35,15,26,48,36,95,,,,,,,,,,,,False,,
P9192,John,Doe,2006-02-24,69,175,S,2B,,0,64,78,55,44,95,61,89,99,21,,,,,,,,,,,,84,94,78,44,95,61,89,99,49,,,,,,,,,,,,False,,
P2311,John,Doe,2000-11-30,70,238,R,3B,,0,28,98,84,16,82,93,24,60,14,,,,,,,,,,,,37,99,94,16,82,93,24,68,26,,,,,,,,,,,,False,,
P3066,John,Doe,1987-11-08,72,209,S,LF,1B,0,44,29,12,25,11,95,66,54,50,,,,,,,,,,,,43,22,12,25,11,95,66,51,42,,,,,,,,,,,,False,,
P5960,John,Doe,1991-05-28,69,245,R,2B,,0,53,45,33,44,83,77,30,15,70,,,,,,,,,,,,45,41,29,44,83,77,30,12,64,,,,,,,,,,,,False,,
P8437,John,Doe,2000-05-10,72,193,R,LF,,0,82,67,20,49,66,91,19,24,76,,,,,,,,,,,,87,76,33,49,66,91,19,36,83,,,,,,,,,,,,False,,
P5819,John,Doe,1991-07-13,73,163,L,C,,0,54,86,84,86,20,88,60,86,97,,,,,,,,,,,,54,76,75,86,20,88,60,86,87,,,,,,,,,,,,False,,
P4071,John,Doe,1997-08-31,78,240,R,LF,,0,19,60,11,76,22,39,77,66,83,,,,,,,,,,,,34,67,21,76,22,39,77,73,92,,,,,,,,,,,,False,,
P1668,John,Doe,1997-11-29,77,227,R,CF,,0,51,41,56,94,10,25,21,79,51,,,,,,,,,,,,61,49,64,94,10,25,21,87,66,,,,,,,,,,,,False,,
P9179,John,Doe,1992-03-08,77,226,L,C,,0,24,55,95,87,94,98,59,32,92,,,,,,,,,,,,24,52,95,87,94,98,59,27,86,,,,,,,,,,,,False,,
P1534,John,Doe,2000-09-11,76,235,R,SS,,0,45,81,66,31,98,56,26,97,56,,,,,,,,,,,,59,96,80,31,98,56,26,99,70,,,,,,,,,,,,False,,
P5349,John,Doe,1995-12-05,72,229,R,C,,0,57,84,23,87,89,65,21,85,51,,,,,,,,,,,,57,84,21,87,89,65,21,88,54,,,,,,,,,,,,False,,
P7800,John,Doe,1998-05-12,71,215,L,P,,1,,,,0,,,,,,63,20,30,61,48,0,84,0,0,0,0,,,,0,,,,34,73,25,44,74,66,53,0,92,0,0,0,0,False,,
P4339,John,Doe,2005-05-31,74,223,L,P,,1,,,,0,,,,,,54,27,98,51,35,40,0,0,61,0,0,,,,0,,,,95,43,50,99,66,75,55,66,0,0,83,0,0,False,,
P2096,John,Doe,1987-10-26,72,162,L,P,,1,,,,0,,,,,,40,35,94,91,89,97,0,0,83,0,0,,,,0,,,,10,86,25,86,37,82,82,97,0,0,80,0,0,False,,
P6491,John,Doe,2000-12-09,70,170,R,P,,1,,,,0,,,,,,99,45,22,82,69,0,62,0,0,0,0,,,,0,,,,40,73,57,35,99,94,76,0,74,0,0,0,0,False,,
P8484,John,Doe,1990-02-21,73,228,L,P,,1,,,,0,,,,,,30,34,37,83,24,0,55,0,0,0,0,,,,0,,,,63,29,34,30,25,82,20,0,47,0,0,0,0,False,,
P2888,John,Doe,2001-06-29,76,229,S,P,,1,,,,0,,,,,,80,98,92,29,42,80,0,0,31,0,0,,,,0,,,,83,20,99,99,89,43,48,94,0,0,42,0,0,False,,
P9784,John,Doe,1994-10-10,68,225,S,P,,1,,,,0,,,,,,16,23,87,90,44,0,12,49,0,0,0,,,,0,,,,45,86,21,82,20,87,49,0,10,52,0,0,0,False,,
P4550,John,Doe,1991-03-03,77,209,L,P,,1,,,,0,,,,,,85,30,34,65,98,32,0,0,0,0,0,,,,0,,,,54,93,30,24,75,57,88,28,0,0,0,0,0,False,,
P5735,John,Doe,2007-08-03,75,180,R,P,,1,,,,0,,,,,,18,33,39,66,27,24,0,54,0,0,0,,,,0,,,,97,70,43,56,29,90,37,51,0,72,0,0,0,False,,
P4877,John,Doe,1987-02-22,71,179,R,P,,1,,,,0,,,,,,42,25,49,60,73,0,0,17,0,0,12,,,,0,,,,15,39,18,44,40,57,71,0,0,10,0,0,10,False,,
P3535,John,Doe,1994-07-28,69,234,L,P,,1,,,,0,,,,,,67,82,87,53,84,45,80,22,54,0,0,,,,0,,,,19,21,78,85,68,57,81,45,76,18,56,0,0,False,,
P1257,John,Doe,2007-05-30,76,200,R,P,,1,,,,0,,,,,,37,98,17,72,29,0,23,0,74,0,0,,,,0,,,,73,97,99,29,49,98,51,0,46,0,99,0,0,False,,
P8738,John,Doe,1994-07-18,77,194,R,3B,,0,63,83,70,39,81,41,57,31,65,,,,,,,,,,,,60,83,67,39,81,41,57,33,62,,,,,,,,,,,,False,,
P4349,John,Doe,1995-06-06,77,187,L,C,,0,95,93,60,93,46,76,51,59,69,,,,,,,,,,,,99,91,55,93,46,76,51,55,68,,,,,,,,,,,,False,,
P1880,John,Doe,1995-05-09,71,249,S,LF,,0,86,24,72,50,63,10,84,32,30,,,,,,,,,,,,87,26,71,50,63,10,84,28,31,,,,,,,,,,,,False,,
P9953,John,Doe,2002-08-29,78,235,L,1B,,0,83,18,58,27,56,61,96,36,90,,,,,,,,,,,,94,32,63,27,56,61,96,51,99,,,,,,,,,,,,False,,
P1925,John,Doe,1998-04-05,76,170,R,RF,LF,0,26,12,92,21,74,63,98,21,51,,,,,,,,,,,,32,27,99,21,74,63,98,35,65,,,,,,,,,,,,False,,
P8906,John,Doe,2001-10-06,76,244,S,CF,,0,62,28,79,65,11,36,70,67,57,,,,,,,,,,,,70,38,94,65,11,36,70,81,72,,,,,,,,,,,,False,,
P5451,John,Doe,1999-06-16,68,163,L,LF,,0,90,18,55,64,54,36,99,27,42,,,,,,,,,,,,95,28,69,64,54,36,99,40,55,,,,,,,,,,,,False,,
P4966,John,Doe,2003-05-26,69,188,L,3B,,0,40,28,32,58,18,98,65,53,61,,,,,,,,,,,,47,36,47,58,18,98,65,61,75,,,,,,,,,,,,False,,
P3595,John,Doe,2000-11-26,68,182,R,SS,,0,67,92,69,52,98,58,53,58,63,,,,,,,,,,,,76,99,75,52,98,58,53,68,74,,,,,,,,,,,,False,,
P2713,John,Doe,1997-10-14,69,165,S,1B,,0,81,61,86,27,23,89,91,30,76,,,,,,,,,,,,87,68,99,27,23,89,91,36,82,,,,,,,,,,,,False,,
P6063,John,Doe,1998-01-03,75,217,L,LF,,0,56,14,34,83,30,58,51,36,77,,,,,,,,,,,,67,27,42,83,30,58,51,43,90,,,,,,,,,,,,False,,
P7747,John,Doe,2006-06-08,72,187,R,1B,,0,31,38,85,41,11,16,14,43,75,,,,,,,,,,,,57,63,99,41,11,16,14,70,96,,,,,,,,,,,,False,,
P1863,John,Doe,1990-02-16,70,161,L,1B,,0,59,90,78,60,23,83,62,22,69,,,,,,,,,,,,54,83,69,60,23,83,62,14,65,,,,,,,,,,,,False,,
P8177,John,Doe,1986-12-23,78,186,R,P,,1,,,,0,,,,,,45,81,68,29,39,38,86,51,11,0,0,,,,0,,,,66,84,80,63,35,20,32,32,85,47,10,0,0,False,,
P2208,John,Doe,2005-05-23,74,217,R,P,1B,1,,,,0,,,,,,93,65,68,34,58,75,0,64,0,0,0,,,,0,,,,68,96,93,88,99,56,83,99,0,74,0,0,0,False,,
P8471,John,Doe,2002-11-27,73,189,L,P,,1,,,,0,,,,,,11,44,59,76,64,0,77,0,80,0,0,,,,0,,,,59,71,58,71,20,91,73,0,89,0,86,0,0,False,,
P1329,John,Doe,1997-02-03,73,220,S,P,,1,,,,0,,,,,,19,53,73,80,82,36,82,0,49,0,55,,,,0,,,,23,18,48,72,17,76,83,33,80,0,47,0,51,False,,
P3859,John,Doe,2003-03-14,77,188,R,P,,1,,,,0,,,,,,71,45,70,40,62,53,80,30,0,0,0,,,,0,,,,26,22,50,78,80,47,71,65,95,44,0,0,0,False,,
P7394,John,Doe,2007-01-28,71,171,R,P,,1,,,,0,,,,,,81,36,30,83,90,0,66,0,0,0,0,,,,0,,,,33,70,49,42,99,93,99,0,89,0,0,0,0,False,,
P1255,John,Doe,2000-08-11,69,227,R,P,,1,,,,0,,,,,,34,65,63,32,73,25,0,0,0,0,0,,,,0,,,,54,81,74,77,43,41,86,37,0,0,0,0,0,False,,
P5602,John,Doe,1999-08-22,78,181,R,P,,1,,,,0,,,,,,69,39,60,62,32,81,0,68,0,0,0,,,,0,,,,63,28,53,66,83,68,40,92,0,83,0,0,0,False,,
P6536,John,Doe,2007-01-15,71,245,R,P,,1,,,,0,,,,,,31,70,82,36,74,80,28,42,0,0,0,,,,0,,,,59,93,99,99,55,52,99,96,51,69,0,0,0,False,,
P9583,John,Doe,2001-09-28,77,200,L,P,,1,,,,0,,,,,,36,19,29,28,47,12,34,12,53,0,0,,,,0,,,,99,48,28,44,45,39,60,19,45,26,63,0,0,False,,
P8316,John,Doe,1988-05-03,76,192,L,P,,1,,,,0,,,,,,35,91,85,72,80,13,0,0,0,0,0,,,,0,,,,23,37,84,83,32,63,73,10,0,0,0,0,0,False,,
P8342,John,Doe,1997-05-03,73,197,R,P,,1,,,,0,,,,,,14,99,88,21,40,91,12,27,31,0,0,,,,0,,,,48,72,99,87,13,26,39,93,11,30,36,0,0,False,,
P8470,John,Doe,1992-06-13,75,170,S,1B,,0,83,33,86,89,62,89,35,92,82,,,,,,,,,,,,76,24,76,89,62,89,35,89,77,,,,,,,,,,,,False,,
P5498,John,Doe,1999-02-23,71,182,R,2B,,0,45,61,27,73,57,17,78,27,51,,,,,,,,,,,,55,68,36,73,57,17,78,37,65,,,,,,,,,,,,False,,
P8828,John,Doe,1989-02-19,75,214,L,LF,,0,88,18,19,70,99,53,18,77,68,,,,,,,,,,,,80,16,19,70,99,53,18,76,62,,,,,,,,,,,,False,,
P8223,John,Doe,1998-01-05,73,234,L,2B,,0,66,99,90,56,57,32,29,63,88,,,,,,,,,,,,81,99,99,56,57,32,29,69,93,,,,,,,,,,,,False,,
P4985,John,Doe,2005-07-18,75,181,R,3B,,0,14,62,59,86,34,41,71,77,22,,,,,,,,,,,,37,87,89,86,34,41,71,94,42,,,,,,,,,,,,False,,
P2783,John,Doe,1996-07-04,78,231,L,CF,,0,88,30,88,83,30,75,48,63,19,,,,,,,,,,,,89,32,90,83,30,75,48,63,20,,,,,,,,,,,,False,,
P5603,John,Doe,2002-12-19,74,177,L,LF,,0,97,42,89,39,75,78,63,44,14,,,,,,,,,,,,99,50,96,39,75,78,63,53,21,,,,,,,,,,,,False,,
P5184,John,Doe,1991-05-11,70,180,R,1B,,0,39,40,23,14,10,44,83,35,68,,,,,,,,,,,,38,33,15,14,10,44,83,29,65,,,,,,,,,,,,False,,
P1377,John,Doe,2000-09-07,71,166,L,CF,,0,43,37,10,33,15,49,90,21,53,,,,,,,,,,,,49,46,20,33,15,49,90,35,63,,,,,,,,,,,,False,,
P9742,John,Doe,2004-12-31,71,222,R,CF,,0,48,95,37,83,82,24,87,67,66,,,,,,,,,,,,66,99,53,83,82,24,87,77,84,,,,,,,,,,,,False,,
P7357,John,Doe,1999-10-07,77,167,S,RF,1B,0,96,85,13,59,33,37,17,59,40,,,,,,,,,,,,99,91,26,59,33,37,17,74,45,,,,,,,,,,,,False,,
P6373,John,Doe,1989-12-07,68,215,S,3B,,0,89,50,78,58,30,76,60,84,57,,,,,,,,,,,,80,44,70,58,30,76,60,76,48,,,,,,,,,,,,False,,
P4662,John,Doe,2006-07-25,72,224,R,SS,,0,87,58,71,70,54,87,58,50,48,,,,,,,,,,,,99,84,84,70,54,87,58,72,61,,,,,,,,,,,,False,,
P4120,John,Doe,2002-08-15,68,228,R,P,,1,,,,0,,,,,,41,80,80,46,93,0,0,31,84,0,0,,,,0,,,,53,86,88,89,56,55,99,0,0,37,91,0,0,False,,
P8159,John,Doe,1991-07-11,71,244,L,P,,1,,,,0,,,,,,21,99,76,56,88,42,88,32,97,0,0,,,,0,,,,13,82,94,67,11,47,85,35,86,28,96,0,0,False,,
P8107,John,Doe,2002-12-14,72,186,R,P,,1,,,,0,,,,,,19,58,50,70,75,15,82,0,73,0,0,,,,0,,,,42,68,66,63,24,80,85,20,94,0,82,0,0,False,,
P1271,John,Doe,1994-01-25,78,213,L,P,,1,,,,0,,,,,,70,85,36,96,62,0,14,0,0,0,0,,,,0,,,,15,69,81,35,74,98,66,0,15,0,0,0,0,False,,
P4128,John,Doe,2004-01-02,72,177,L,P,,1,,,,0,,,,,,91,18,68,32,10,36,0,0,0,0,0,,,,0,,,,99,25,46,88,99,52,40,65,0,0,0,0,0,False,,
P8082,John,Doe,1988-03-06,68,174,S,P,,1,,,,0,,,,,,85,77,27,76,61,10,96,33,0,0,0,,,,0,,,,10,10,69,17,76,74,60,10,90,26,0,0,0,False,,
P6104,John,Doe,2005-08-24,76,170,L,P,,1,,,,0,,,,,,47,24,43,42,40,81,0,0,0,0,0,,,,0,,,,86,99,52,67,69,54,50,99,0,0,0,0,0,False,,
P1944,John,Doe,1987-11-14,76,174,L,P,,1,,,,0,,,,,,95,80,45,39,86,79,61,16,66,0,0,,,,0,,,,26,89,79,45,93,30,84,71,57,10,58,0,0,False,,
P7659,John,Doe,2001-07-20,78,207,S,P,,1,,,,0,,,,,,85,76,15,47,68,90,0,0,0,0,0,,,,0,,,,83,28,82,29,94,60,73,97,0,0,0,0,0,False,,
P2105,John,Doe,1996-05-01,69,188,R,P,,1,,,,0,,,,,,29,60,11,42,45,79,77,82,0,0,0,,,,0,,,,91,61,65,10,31,41,42,78,77,84,0,0,0,False,,
P7612,John,Doe,1991-02-19,71,223,L,P,,1,,,,0,,,,,,14,14,42,78,20,0,34,73,0,0,0,,,,0,,,,42,56,10,39,10,68,18,0,34,67,0,0,0,False,,
P7791,John,Doe,2000-05-05,69,181,S,P,,1,,,,0,,,,,,57,21,97,26,39,40,75,88,0,0,0,,,,0,,,,63,89,32,99,63,37,45,50,82,99,0,0,0,False,,
P1237,John,Doe,2000-06-10,68,179,R,1B,,0,62,78,94,55,74,99,86,14,54,,,,,,,,,,,,75,84,99,55,74,99,86,28,69,,,,,,,,,,,,False,,
P5856,John,Doe,1988-09-13,70,237,R,CF,,0,63,28,22,25,23,82,68,20,64,,,,,,,,,,,,53,20,13,25,23,82,68,20,63,,,,,,,,,,,,False,,
P9285,John,Doe,2002-07-28,69,248,R,CF,,0,72,29,27,19,61,30,63,61,98,,,,,,,,,,,,81,43,33,19,61,30,63,71,99,,,,,,,,,,,,False,,
P7983,John,Doe,2001-09-21,73,227,L,1B,,0,49,30,30,20,98,81,14,56,58,,,,,,,,,,,,58,38,36,20,98,81,14,66,70,,,,,,,,,,,,False,,
P2093,John,Doe,1997-01-22,74,240,R,3B,C,0,37,75,66,99,62,57,31,39,30,,,,,,,,,,,,34,70,63,99,62,57,31,38,28,,,,,,,,,,,,False,,
P9670,John,Doe,1991-04-13,69,215,S,SS,,0,39,22,94,76,16,37,47,20,74,,,,,,,,,,,,31,20,86,76,16,37,47,18,68,,,,,,,,,,,,False,,
P3173,John,Doe,1989-02-02,74,173,L,RF,,0,13,14,34,95,13,94,53,26,19,,,,,,,,,,,,10,10,34,95,13,94,53,23,16,,,,,,,,,,,,False,,
P9034,John,Doe,2005-10-04,77,247,R,CF,,0,65,79,91,32,55,86,87,40,27,,,,,,,,,,,,89,89,99,32,55,86,87,65,48,,,,,,,,,,,,False,,
P9894,John,Doe,1996-08-04,76,170,R,LF,,0,52,33,69,59,98,43,98,21,80,,,,,,,,,,,,55,32,69,59,98,43,98,25,76,,,,,,,,,,,,False,,
P9305,John,Doe,1993-06-25,68,199,S,C,,0,14,64,53,42,13,14,29,78,73,,,,,,,,,,,,12,60,44,42,13,14,29,69,69,,,,,,,,,,,,False,,
P7268,John,Doe,1995-10-22,78,181,S,SS,,0,24,75,20,55,47,25,18,54,87,,,,,,,,,,,,21,74,18,55,47,25,18,56,83,,,,,,,,,,,,False,,
P5633,John,Doe,1986-10-17,72,182,L,2B,,0,85,59,91,26,60,87,20,83,70,,,,,,,,,,,,79,55,85,26,60,87,20,77,70,,,,,,,,,,,,False,,
P4737,John,Doe,2004-05-25,72,192,R,SS,,0,77,39,32,51,63,24,48,35,77,,,,,,,,,,,,90,69,50,51,63,24,48,59,99,,,,,,,,,,,,False,,
P5299,John,Doe,2000-06-27,71,243,R,P,,1,,,,0,,,,,,94,35,16,97,99,0,80,0,0,0,0,,,,0,,,,43,54,46,25,99,99,99,0,87,0,0,0,0,False,,
P2771,John,Doe,1991-01-27,68,196,R,P,,1,,,,0,,,,,,19,89,95,92,54,52,0,0,0,0,0,,,,0,,,,95,79,85,87,17,82,54,49,0,0,0,0,0,False,,
P7739,John,Doe,2003-04-30,78,242,L,P,,1,,,,0,,,,,,13,99,67,29,92,0,0,32,96,0,0,,,,0,,,,30,33,99,81,18,39,97,0,0,44,99,0,0,False,,
P6779,John,Doe,1996-10-14,70,181,R,P,,1,,,,0,,,,,,83,69,62,80,96,40,42,65,0,0,0,,,,0,,,,23,58,72,59,79,82,97,39,40,61,0,0,0,False,,
P5729,John,Doe,2000-09-13,76,185,L,P,,1,,,,0,,,,,,95,81,85,23,37,0,0,10,90,0,0,,,,0,,,,44,41,92,95,99,31,45,0,0,21,99,0,0,False,,
P1569,John,Doe,1993-10-16,71,227,R,P,,1,,,,0,,,,,,76,94,87,53,73,45,82,57,83,0,0,,,,0,,,,97,10,90,89,74,54,74,42,87,59,79,0,0,False,,
P2006,John,Doe,2003-05-22,69,214,R,P,,1,,,,0,,,,,,75,50,97,58,35,90,40,69,93,0,0,,,,0,,,,61,48,64,99,83,68,41,99,55,84,99,0,0,False,,
P2428,John,Doe,2005-06-29,73,177,L,P,,1,,,,0,,,,,,74,50,19,15,16,0,0,50,16,0,0,,,,0,,,,86,74,77,43,91,42,46,0,0,71,35,0,0,False,,
P1432,John,Doe,2006-11-16,68,172,S,P,,1,,,,0,,,,,,62,53,63,99,87,74,47,69,48,0,0,,,,0,,,,99,61,81,74,92,99,99,85,68,88,74,0,0,False,,
P5178,John,Doe,1992-10-02,70,231,R,P,,1,,,,0,,,,,,29,18,33,82,75,57,47,0,13,0,0,,,,0,,,,36,38,15,30,19,80,65,51,40,0,13,0,0,False,,
P9232,John,Doe,1997-04-21,69,208,R,P,,1,,,,0,,,,,,90,36,14,56,45,0,64,74,0,0,0,,,,0,,,,43,95,39,18,90,55,46,0,66,69,0,0,0,False,,
P1294,John,Doe,1988-04-14,73,234,R,P,,1,,,,0,,,,,,10,86,23,96,97,18,0,0,0,0,0,,,,0,,,,20,10,80,14,10,91,88,18,0,0,0,0,0,False,,
P3333,John,Doe,1998-07-28,72,222,S,3B,,0,72,27,57,54,89,14,19,81,45,,,,,,,,,,,,82,39,67,54,89,14,19,91,53,,,,,,,,,,,,False,,
P8928,John,Doe,1990-07-20,74,170,L,1B,,0,28,53,91,12,47,54,51,49,61,,,,,,,,,,,,28,45,82,12,47,54,51,41,57,,,,,,,,,,,,False,,
P5343,John,Doe,1994-12-18,75,234,S,CF,,0,89,82,91,15,30,33,57,79,92,,,,,,,,,,,,88,87,88,15,30,33,57,84,92,,,,,,,,,,,,False,,
P3959,John,Doe,1987-06-16,75,226,R,SS,,0,33,38,95,60,43,55,75,66,66,,,,,,,,,,,,30,37,85,60,43,55,75,57,64,,,,,,,,,,,,False,,
P1750,John,Doe,1999-08-24,75,247,S,1B,,0,97,79,64,51,26,23,57,24,55,,,,,,,,,,,,99,86,72,51,26,23,57,33,61,,,,,,,,,,,,False,,
P7394,John,Doe,2005-07-09,77,229,R,LF,,0,98,78,28,26,41,46,48,81,72,,,,,,,,,,,,99,99,48,26,41,46,48,93,90,,,,,,,,,,,,False,,
P5709,John,Doe,2001-05-02,72,208,R,SS,,0,31,74,46,25,82,83,40,79,56,,,,,,,,,,,,38,83,54,25,82,83,40,86,68,,,,,,,,,,,,False,,
P3393,John,Doe,1989-03-12,77,171,R,LF,,0,47,74,81,72,75,94,95,99,75,,,,,,,,,,,,45,71,81,72,75,94,95,94,66,,,,,,,,,,,,False,,
P9331,John,Doe,1993-08-11,72,208,R,2B,,0,82,77,55,96,34,88,94,46,36,,,,,,,,,,,,72,71,53,96,34,88,94,43,31,,,,,,,,,,,,False,,
P5232,John,Doe,1988-04-14,68,227,R,3B,,0,76,10,16,44,98,97,28,50,64,,,,,,,,,,,,70,10,15,44,98,97,28,44,54,,,,,,,,,,,,False,,
P5074,John,Doe,1996-06-26,78,220,R,3B,,0,33,26,44,43,57,30,12,99,97,,,,,,,,,,,,37,25,39,43,57,30,12,97,97,,,,,,,,,,,,False,,
P6451,John,Doe,2001-10-02,72,194,L,RF,,0,38,93,83,24,55,12,86,12,75,,,,,,,,,,,,49,99,92,24,55,12,86,22,81,,,,,,,,,,,,False,,
P4513,John,Doe,1993-05-14,74,207,R,2B,,0,12,41,10,74,20,69,72,68,98,,,,,,,,,,,,10,34,10,74,20,69,72,66,89,,,,,,,,,,,,False,,
P9343,John,Doe,1994-12-26,70,241,R,P,,1,,,,0,,,,,,80,24,14,49,78,0,18,0,15,0,0,,,,0,,,,82,80,27,10,84,52,81,0,19,0,12,0,0,False,,
P4601,John,Doe,1996-07-14,72,219,R,P,,1,,,,0,,,,,,53,39,71,92,26,95,49,53,0,0,0,,,,0,,,,63,91,42,75,56,90,26,90,46,55,0,0,0,False,,
P3425,John,Doe,1990-07-02,77,215,L,P,,1,,,,0,,,,,,35,80,28,94,37,56,56,87,0,0,0,,,,0,,,,57,34,73,23,32,87,28,54,53,77,0,0,0,False,,
P4580,John,Doe,1991-08-07,71,237,L,P,,1,,,,0,,,,,,21,97,84,76,32,0,91,61,26,0,0,,,,0,,,,20,90,96,83,17,68,24,0,85,51,19,0,0,False,,
P6897,John,Doe,2003-06-19,72,163,R,P,,1,,,,0,,,,,,89,86,81,57,13,75,59,45,0,0,0,,,,0,,,,51,66,96,88,97,67,24,87,67,51,0,0,0,False,,
P3137,John,Doe,1991-02-08,72,181,L,P,,1,,,,0,,,,,,70,16,40,67,17,0,58,95,36,0,0,,,,0,,,,11,54,11,35,65,63,10,0,54,92,33,0,0,False,,
P5672,John,Doe,1988-07-12,78,233,R,P,,1,,,,0,,,,,,68,44,21,11,66,18,73,53,0,0,0,,,,0,,,,81,36,39,19,58,11,57,17,66,43,0,0,0,False,,
P5025,John,Doe,2003-03-29,73,168,S,P,,1,,,,0,,,,,,13,61,41,70,85,74,0,0,0,0,0,,,,0,,,,70,23,76,48,23,76,97,88,0,0,0,0,0,False,,
P2918,John,Doe,1990-11-28,68,180,R,P,,1,,,,0,,,,,,20,90,38,94,75,88,34,0,81,0,45,,,,0,,,,63,30,89,37,15,88,68,84,24,0,71,0,40,False,,
P7560,John,Doe,2006-09-07,69,191,R,P,,1,,,,0,,,,,,85,72,16,62,20,64,81,75,80,0,0,,,,0,,,,40,96,95,35,99,79,45,82,97,97,96,0,0,False,,
P6667,John,Doe,2001-10-23,73,176,R,P,,1,,,,0,,,,,,97,85,19,70,14,31,38,20,32,0,0,,,,0,,,,76,99,92,25,99,80,22,46,51,25,38,0,0,False,,
P9204,John,Doe,1995-02-18,71,243,R,P,,1,,,,0,,,,,,68,67,44,49,70,93,16,43,33,0,0,,,,0,,,,55,24,68,41,72,47,69,95,21,39,36,0,0,False,,
P5809,John,Doe,1993-02-26,70,250,R,2B,,0,18,87,38,55,19,46,65,33,98,,,,,,,,,,,,10,80,28,55,19,46,65,31,89,,,,,,,,,,,,False,,
P8260,John,Doe,2000-12-04,69,160,S,RF,,0,86,28,19,85,57,74,89,70,23,,,,,,,,,,,,93,43,29,85,57,74,89,79,30,,,,,,,,,,,,False,,
P9915,John,Doe,1989-08-22,77,190,R,SS,,0,13,86,10,94,70,42,40,44,19,,,,,,,,,,,,10,79,10,94,70,42,40,39,10,,,,,,,,,,,,False,,
P5702,John,Doe,1995-05-26,73,232,R,CF,,0,12,57,31,36,88,94,53,95,87,,,,,,,,,,,,17,60,35,36,88,94,53,98,90,,,,,,,,,,,,False,,
P2865,John,Doe,1997-05-14,68,172,R,LF,,0,46,94,86,59,78,46,34,95,84,,,,,,,,,,,,48,99,83,59,78,46,34,92,84,,,,,,,,,,,,False,,
P3118,John,Doe,2004-05-30,75,237,R,C,,0,39,47,93,91,81,51,46,85,63,,,,,,,,,,,,68,57,99,91,81,51,46,99,82,,,,,,,,,,,,False,,
P4877,John,Doe,1995-07-05,73,166,S,CF,,0,20,82,51,73,94,87,94,28,96,,,,,,,,,,,,19,77,54,73,94,87,94,25,97,,,,,,,,,,,,False,,
P6184,John,Doe,2002-01-27,75,168,L,RF,,0,41,53,89,43,83,42,87,23,55,,,,,,,,,,,,54,60,99,43,83,42,87,32,69,,,,,,,,,,,,False,,
P5381,John,Doe,2005-02-18,69,193,L,LF,,0,15,37,98,39,78,62,89,98,23,,,,,,,,,,,,30,54,99,39,78,62,89,99,47,,,,,,,,,,,,False,,
P8460,John,Doe,2003-07-27,75,179,R,LF,,0,69,90,61,42,43,34,15,73,61,,,,,,,,,,,,81,99,75,42,43,34,15,78,75,,,,,,,,,,,,False,,
P1404,John,Doe,1990-08-27,68,166,R,LF,,0,72,69,72,52,15,43,91,63,79,,,,,,,,,,,,70,67,67,52,15,43,91,62,71,,,,,,,,,,,,False,,
P7493,John,Doe,1990-04-29,68,235,R,2B,,0,89,40,48,99,80,53,34,98,44,,,,,,,,,,,,83,37,47,99,80,53,34,90,42,,,,,,,,,,,,False,,
P1604,John,Doe,2001-09-10,73,184,L,1B,,0,63,82,12,31,20,75,98,79,12,,,,,,,,,,,,68,89,26,31,20,75,98,94,18,,,,,,,,,,,,False,,
P8219,John,Doe,2006-04-04,68,229,R,P,,1,,,,0,,,,,,70,36,22,27,22,0,44,0,92,0,0,,,,0,,,,50,99,51,40,83,54,49,0,58,0,99,0,0,False,,
P6792,John,Doe,1999-06-04,76,245,S,P,,1,,,,0,,,,,,76,45,35,97,95,88,25,51,97,0,0,,,,0,,,,47,99,52,47,82,99,99,95,35,64,99,0,0,False,,
P8017,John,Doe,1995-01-18,73,230,R,P,,1,,,,0,,,,,,84,46,38,50,53,90,23,12,0,0,0,,,,0,,,,10,36,41,39,79,48,53,91,22,10,0,0,0,False,,
P5875,John,Doe,2002-03-17,70,211,R,P,,1,,,,0,,,,,,57,17,50,39,77,0,18,0,0,0,0,,,,0,,,,63,80,30,64,69,52,87,0,27,0,0,0,0,False,,
P9867,John,Doe,1994-05-06,70,230,L,P,,1,,,,0,,,,,,35,85,77,71,48,38,99,0,51,0,0,,,,0,,,,60,44,89,78,31,70,48,42,96,0,53,0,0,False,,
P1847,John,Doe,1996-08-27,68,242,L,P,,1,,,,0,,,,,,66,61,42,68,52,66,0,28,0,0,0,,,,0,,,,91,93,65,39,69,69,50,65,0,30,0,0,0,False,,
P4518,John,Doe,2006-04-05,70,192,S,P,,1,,,,0,,,,,,52,49,54,28,73,49,0,21,55,0,0,,,,0,,,,67,47,74,80,81,54,90,61,0,51,76,0,0,False,,
P5022,John,Doe,2000-06-28,74,211,R,P,,1,,,,0,,,,,,79,97,86,15,47,0,0,40,0,0,0,,,,0,,,,29,50,99,95,91,22,55,0,0,54,0,0,0,False,,
P6766,John,Doe,1992-08-25,74,243,R,P,,1,,,,0,,,,,,95,87,26,92,13,12,22,59,0,0,67,,,,0,,,,42,93,82,16,90,87,11,10,20,58,0,0,63,False,,
P1207,John,Doe,2001-11-27,78,186,L,P,,1,,,,0,,,,,,72,85,68,37,64,52,0,20,17,0,0,,,,0,,,,99,89,91,80,82,49,76,58,0,30,28,0,0,False,,
P5827,John,Doe,2003-09-03,68,248,R,P,,1,,,,0,,,,,,46,61,44,16,87,0,0,88,27,0,0,,,,0,,,,27,52,83,67,68,34,99,0,0,99,57,0,0,False,,
P4410,John,Doe,1995-12-11,74,230,L,P,,1,,,,0,,,,,,14,15,19,26,39,59,26,43,0,0,0,,,,0,,,,89,62,10,22,17,28,41,63,26,46,0,0,0,False,,
P6075,John,Doe,1999-12-11,78,198,R,SS,,0,81,35,89,92,84,97,46,72,72,,,,,,,,,,,,93,42,99,92,84,97,46,86,81,,,,,,,,,,,,False,,
P7742,John,Doe,2004-02-18,75,188,R,SS,,0,11,33,58,38,59,78,30,30,98,,,,,,,,,,,,26,59,69,38,59,78,30,44,99,,,,,,,,,,,,False,,
P3419,John,Doe,2004-01-29,74,236,L,1B,,0,80,29,11,77,13,67,65,95,15,,,,,,,,,,,,99,43,31,77,13,67,65,99,33,,,,,,,,,,,,False,,
P9007,John,Doe,2006-01-07,77,203,R,SS,,0,48,36,86,93,40,16,29,67,74,,,,,,,,,,,,64,57,99,93,40,16,29,78,95,,,,,,,,,,,,False,,
P4824,John,Doe,2002-06-15,77,205,R,C,,0,35,73,96,49,93,88,43,64,30,,,,,,,,,,,,44,80,99,49,93,88,43,72,42,,,,,,,,,,,,False,,
P7738,John,Doe,2004-05-21,78,170,R,C,,0,91,56,72,24,17,12,30,41,82,,,,,,,,,,,,99,83,97,24,17,12,30,65,97,,,,,,,,,,,,False,,
P4674,John,Doe,1991-05-30,72,201,R,1B,,0,31,29,97,44,53,41,11,27,54,,,,,,,,,,,,30,28,94,44,53,41,11,20,49,,,,,,,,,,,,False,,
P3759,John,Doe,2004-05-30,71,199,R,RF,,0,14,96,70,50,25,85,73,25,77,,,,,,,,,,,,36,99,82,50,25,85,73,55,99,,,,,,,,,,,,False,,
P3541,John,Doe,1993-12-20,73,241,S,RF,,0,86,11,42,41,62,82,42,31,44,,,,,,,,,,,,90,12,41,41,62,82,42,26,45,,,,,,,,,,,,False,,
P1060,John,Doe,1997-04-16,76,218,R,C,,0,61,51,40,59,93,53,36,81,16,,,,,,,,,,,,60,56,36,59,93,53,36,86,21,,,,,,,,,,,,False,,
P1779,John,Doe,2006-01-06,71,216,L,2B,,0,64,64,12,64,94,27,71,83,74,,,,,,,,,,,,76,81,23,64,94,27,71,99,97,,,,,,,,,,,,False,,
P4373,John,Doe,1996-10-15,74,164,R,C,,0,53,69,15,28,62,51,58,86,41,,,,,,,,,,,,53,68,12,28,62,51,58,89,46,,,,,,,,,,,,False,,
P7255,John,Doe,1987-12-31,72,196,R,2B,,0,91,56,23,66,50,97,57,57,83,,,,,,,,,,,,87,49,19,66,50,97,57,56,78,,,,,,,,,,,,False,,
P4562,John,Doe,1988-12-25,75,238,R,P,,1,,,,0,,,,,,37,76,82,56,18,0,0,0,98,0,0,,,,0,,,,88,69,72,73,34,52,10,0,0,0,91,0,0,False,,
P6535,John,Doe,1997-11-23,78,246,R,P,,1,,,,0,,,,,,95,12,70,67,83,51,34,35,99,0,0,,,,0,,,,69,62,19,82,99,72,91,56,44,47,99,0,0,False,,
P5377,John,Doe,2002-08-31,69,242,L,P,,1,,,,0,,,,,,79,87,43,85,22,27,0,0,37,0,0,,,,0,,,,59,39,94,57,92,91,32,41,0,0,48,0,0,False,,
P9116,John,Doe,1991-10-03,75,234,L,P,,1,,,,0,,,,,,30,12,66,15,63,0,52,67,0,0,0,,,,0,,,,15,54,10,62,26,10,59,0,45,63,0,0,0,False,,
P6418,John,Doe,2001-10-16,71,214,L,P,,1,,,,0,,,,,,32,67,64,39,25,17,88,0,0,0,0,,,,0,,,,36,87,78,77,38,51,35,24,98,0,0,0,0,False,,
P6175,John,Doe,1996-07-01,75,186,R,P,,1,,,,0,,,,,,28,97,14,42,31,27,70,49,33,0,0,,,,0,,,,86,79,97,19,27,37,27,28,73,48,28,0,0,False,,
P5721,John,Doe,1992-02-14,76,178,S,P,,1,,,,0,,,,,,85,47,54,44,29,70,0,0,0,0,0,,,,0,,,,56,59,47,45,82,35,25,60,0,0,0,0,0,False,,
P9715,John,Doe,1987-05-17,68,176,R,P,,1,,,,0,,,,,,96,51,88,29,18,24,35,86,0,0,62,,,,0,,,,90,47,43,82,96,20,16,15,26,79,0,0,60,False,,
P7132,John,Doe,1987-09-19,73,205,S,P,,1,,,,0,,,,,,14,60,15,89,83,41,65,15,0,0,0,,,,0,,,,10,12,53,10,10,83,75,34,62,10,0,0,0,False,,
P6429,John,Doe,2006-06-15,71,238,R,P,,1,,,,0,,,,,,44,39,64,24,12,0,0,0,60,0,0,,,,0,,,,53,71,67,90,74,52,38,0,0,0,80,0,0,False,,
P1836,John,Doe,1997-11-19,72,175,S,P,,1,,,,0,,,,,,76,71,33,56,68,62,16,0,70,0,98,,,,0,,,,61,41,76,42,82,63,80,67,23,0,77,0,99,False,,
P9961,John,Doe,1996-04-16,77,217,R,P,,1,,,,0,,,,,,81,36,41,72,28,59,0,84,97,0,0,,,,0,,,,81,60,31,40,77,69,32,64,0,86,98,0,0,False,,
P4527,John,Doe,1986-12-16,78,224,R,SS,,0,87,97,22,35,30,35,12,87,13,,,,,,,,,,,,86,91,13,35,30,35,12,85,10,,,,,,,,,,,,False,,
P4371,John,Doe,2000-01-03,75,201,R,2B,,0,84,83,42,23,23,90,12,10,32,,,,,,,,,,,,90,88,57,23,23,90,12,21,41,,,,,,,,,,,,False,,
P7052,John,Doe,1990-08-15,78,164,S,CF,,0,75,23,43,37,98,45,83,93,54,,,,,,,,,,,,68,18,41,37,98,45,83,85,45,,,,,,,,,,,,False,,
P3311,John,Doe,2001-10-29,74,160,R,C,,0,96,26,52,86,69,64,62,76,28,,,,,,,,,,,,99,33,67,86,69,64,62,86,40,,,,,,,,,,,,False,,
P6159,John,Doe,2006-05-21,68,192,R,LF,,0,58,42,35,15,64,30,54,90,36,,,,,,,,,,,,75,64,49,15,64,30,54,99,50,,,,,,,,,,,,False,,
P7112,John,Doe,1996-09-14,71,181,R,3B,,0,85,12,73,72,45,72,91,69,76,,,,,,,,,,,,81,14,74,72,45,72,91,72,77,,,,,,,,,,,,False,,
P9028,John,Doe,1996-02-29,68,237,R,C,,0,18,91,35,19,87,51,29,82,94,,,,,,,,,,,,16,86,37,19,87,51,29,84,96,,,,,,,,,,,,False,,
P3761,John,Doe,1997-06-25,71,180,R,2B,,0,63,85,81,88,93,50,75,58,92,,,,,,,,,,,,67,85,77,88,93,50,75,56,92,,,,,,,,,,,,False,,
P4289,John,Doe,1996-08-20,70,169,L,CF,,0,32,51,99,17,87,42,77,95,73,,,,,,,,,,,,29,51,99,17,87,42,77,99,69,,,,,,,,,,,,False,,
P4705,John,Doe,1994-03-18,75,187,R,CF,,0,27,26,52,26,51,45,51,46,21,,,,,,,,,,,,24,31,57,26,51,45,51,43,25,,,,,,,,,,,,False,,
P9112,John,Doe,2002-03-23,76,249,R,C,,0,53,35,78,63,95,83,60,92,21,,,,,,,,,,,,60,41,90,63,95,83,60,99,26,,,,,,,,,,,,False,,
P9331,John,Doe,1997-06-25,72,179,R,3B,,0,92,19,55,38,18,25,60,52,40,,,,,,,,,,,,96,15,55,38,18,25,60,57,40,,,,,,,,,,,,False,,
P2985,John,Doe,1993-07-09,73,210,R,RF,,0,84,75,63,21,92,13,80,25,22,,,,,,,,,,,,84,65,61,21,92,13,80,22,21,,,,,,,,,,,,False,,
P5209,John,Doe,1999-12-14,68,183,S,P,,1,,,,0,,,,,,82,74,62,76,39,0,88,0,0,0,0,,,,0,,,,47,92,85,67,93,84,45,0,99,0,0,0,0,False,,
P9680,John,Doe,1992-02-16,76,244,R,P,,1,,,,0,,,,,,74,68,86,36,83,53,0,44,0,0,0,,,,0,,,,89,59,62,77,73,26,78,53,0,42,0,0,0,False,,
P7277,John,Doe,2004-12-10,73,165,R,P,,1,,,,0,,,,,,64,39,75,28,64,0,69,96,0,0,0,,,,0,,,,73,99,69,99,81,50,94,0,91,99,0,0,0,False,,
P3964,John,Doe,1996-05-14,77,201,R,P,,1,,,,0,,,,,,78,21,81,42,96,34,0,51,27,0,53,,,,0,,,,99,42,18,83,76,43,96,39,0,52,23,0,56,False,,
P7436,John,Doe,2007-07-05,72,225,R,P,,1,,,,0,,,,,,93,61,38,97,56,80,97,67,62,0,0,,,,0,,,,78,46,83,67,99,99,71,99,99,94,80,0,0,False,,
P4361,John,Doe,1990-07-13,73,173,S,P,,1,,,,0,,,,,,17,79,40,49,88,50,16,0,0,0,0,,,,0,,,,59,10,75,36,11,45,80,40,16,0,0,0,0,False,,
P3034,John,Doe,1988-12-09,77,162,S,P,,1,,,,0,,,,,,91,83,12,20,18,55,0,0,0,0,0,,,,0,,,,71,74,80,10,87,13,18,45,0,0,0,0,0,False,,
P9941,John,Doe,1990-05-08,72,189,R,P,,1,,,,0,,,,,,73,15,67,69,26,54,0,56,94,0,0,,,,0,,,,51,20,10,65,69,61,24,53,0,47,92,0,0,False,,
P5028,John,Doe,1997-07-09,78,243,L,P,,1,,,,0,,,,,,78,77,56,58,78,53,0,0,0,0,0,,,,0,,,,99,58,81,61,81,62,79,54,0,0,0,0,0,False,,
P4301,John,Doe,2006-12-11,70,212,R,P,,1,,,,0,,,,,,55,25,38,41,97,71,0,49,37,0,46,,,,0,,,,34,99,44,54,70,53,99,90,0,66,47,0,74,False,,
P2218,John,Doe,1990-01-02,74,184,R,P,,1,,,,0,,,,,,75,19,36,59,16,67,0,37,66,0,0,,,,0,,,,82,61,16,35,73,59,10,62,0,37,58,0,0,False,,
P1233,John,Doe,1993-02-09,77,218,R,P,,1,,,,0,,,,,,90,23,57,74,23,0,0,47,0,0,0,,,,0,,,,84,28,15,47,80,71,16,0,0,44,0,0,0,False,,
P8902,John,Doe,1996-05-08,68,160,S,3B,,0,89,20,29,76,35,41,55,55,72,,,,,,,,,,,,86,22,34,76,35,41,55,55,68,,,,,,,,,,,,False,,
P1519,John,Doe,1992-10-24,78,177,R,C,,0,44,99,22,35,59,30,23,73,83,,,,,,,,,,,,41,99,21,35,59,30,23,73,76,,,,,,,,,,,,False,,
P2623,John,Doe,1992-02-17,68,228,R,LF,,0,76,57,10,17,17,97,34,70,57,,,,,,,,,,,,76,51,10,17,17,97,34,60,49,,,,,,,,,,,,False,,
P7108,John,Doe,2001-08-31,77,223,R,C,,0,95,19,66,94,60,92,76,44,79,,,,,,,,,,,,99,32,80,94,60,92,76,54,91,,,,,,,,,,,,False,,
P6885,John,Doe,2001-11-16,73,166,L,CF,RF,0,72,85,91,78,60,49,25,67,38,,,,,,,,,,,,78,93,99,78,60,49,25,74,53,,,,,,,,,,,,False,,
P8432,John,Doe,2003-03-20,75,167,L,RF,,0,21,73,45,21,57,16,61,37,10,,,,,,,,,,,,34,88,51,21,57,16,61,48,18,,,,,,,,,,,,False,,
P5866,John,Doe,1998-09-18,69,162,R,LF,,0,10,75,65,76,52,30,49,80,20,,,,,,,,,,,,24,90,70,76,52,30,49,91,32,,,,,,,,,,,,False,,
P6750,John,Doe,1997-07-13,75,173,L,CF,,0,81,74,59,49,35,25,33,49,85,,,,,,,,,,,,77,71,54,49,35,25,33,49,85,,,,,,,,,,,,False,,
P7419,John,Doe,1991-07-08,73,171,R,2B,,0,96,21,59,90,10,99,31,22,20,,,,,,,,,,,,91,21,52,90,10,99,31,16,11,,,,,,,,,,,,False,,
P6547,John,Doe,1997-11-12,71,190,S,CF,,0,29,70,78,46,23,51,10,59,20,,,,,,,,,,,,37,81,92,46,23,51,10,74,27,,,,,,,,,,,,False,,
P9838,John,Doe,1988-03-29,75,160,R,RF,,0,12,51,32,15,83,54,54,79,86,,,,,,,,,,,,10,47,31,15,83,54,54,71,85,,,,,,,,,,,,False,,
P9495,John,Doe,1992-10-19,70,178,L,2B,,0,35,77,56,18,46,42,67,12,76,,,,,,,,,,,,30,71,53,18,46,42,67,10,75,,,,,,,,,,,,False,,
P7278,John,Doe,1996-11-25,74,231,R,CF,,0,68,27,67,19,78,69,60,72,20,,,,,,,,,,,,73,22,70,19,78,69,60,67,16,,,,,,,,,,,,False,,
